{"initial_reset_timestamp": 1554844524.1075814, "timestamps": [1554844525.8247447, 1554844544.8537877, 1554844573.2573092, 1554844597.6270006, 1554844623.089784, 1554844647.7617872, 1554844674.481704, 1554844701.6387892, 1554844730.225646, 1554844757.4610198, 1554844783.3905156, 1554844815.7683756, 1554844837.7924058, 1554844862.6066508], "episode_lengths": [47, 760, 988, 836, 878, 846, 907, 954, 985, 1019, 942, 1115, 761, 851], "episode_rewards": [-2.0, -21.0, -20.0, -20.0, -20.0, -21.0, -21.0, -20.0, -19.0, -20.0, -21.0, -19.0, -21.0, -21.0], "episode_types": ["t", "t", "t", "t", "t", "t", "t", "t", "t", "t", "t", "t", "t", "t", "t"]}