{"initial_reset_timestamp": 1554499636.3725138, "timestamps": [1554499641.8835764, 1554499647.2437484, 1554499655.075443, 1554499660.983449, 1554499665.4883895, 1554499674.191038, 1554499680.568622, 1554499685.982566, 1554499691.9452398, 1554499697.3899937, 1554499704.3484526, 1554499708.4895642, 1554499712.9082658, 1554499718.169892, 1554499722.1958659, 1554499727.5342767, 1554499732.7574582, 1554499738.763892, 1554499745.1983087, 1554499749.8563354, 1554499754.1891203, 1554499763.043648, 1554499767.6044729, 1554499772.02347, 1554499779.4101312, 1554499784.3197753, 1554499788.9065883, 1554499793.8387158, 1554499799.960561, 1554499805.6833658, 1554499811.9833262, 1554499816.284247, 1554499825.7766147, 1554499832.0800772, 1554499841.2878933, 1554499847.7130303, 1554499853.2599037, 1554499858.5325828, 1554499862.7428977, 1554499867.1621363, 1554499871.4561095, 1554499879.9162583, 1554499884.6906703, 1554499889.4374046, 1554499895.6262336, 1554499902.992153, 1554499907.8019547, 1554499915.3179739, 1554499919.356024, 1554499926.1679695, 1554499931.3096328, 1554499940.9044082, 1554499947.9650457, 1554499955.9292793, 1554499964.1873062, 1554499971.9527533, 1554499978.0337105, 1554499983.4202595, 1554499990.8944852, 1554499998.8823972, 1554500009.3781638, 1554500014.5752456, 1554500019.1892364, 1554500025.063325, 1554500031.027444, 1554500038.357917, 1554500055.0977938, 1554500059.634277, 1554500066.8695943, 1554500071.869788, 1554500077.5296597, 1554500081.8309255, 1554500089.1461186, 1554500095.267095, 1554500099.577854, 1554500108.9191442, 1554500115.132546, 1554500121.0433805, 1554500127.727284, 1554500132.3813763, 1554500138.0850003, 1554500143.4033506, 1554500150.3149316, 1554500158.9427183, 1554500170.7859623, 1554500177.0617933, 1554500181.889389, 1554500189.8347902, 1554500201.5637414, 1554500209.3857298, 1554500213.8911073, 1554500218.342865, 1554500226.6976888, 1554500231.8710318, 1554500238.9085763, 1554500244.466579, 1554500250.105665, 1554500259.252467, 1554500263.417837, 1554500271.6942875], "episode_lengths": [188, 211, 308, 236, 181, 339, 249, 216, 238, 216, 278, 164, 176, 210, 161, 216, 207, 247, 253, 178, 171, 354, 181, 176, 294, 185, 170, 189, 237, 225, 249, 180, 397, 246, 363, 254, 217, 216, 173, 176, 171, 336, 188, 190, 244, 288, 187, 296, 165, 273, 188, 368, 275, 317, 318, 312, 249, 212, 300, 326, 413, 205, 188, 232, 242, 291, 665, 181, 295, 203, 229, 171, 295, 248, 173, 371, 243, 230, 260, 183, 218, 209, 276, 344, 461, 246, 187, 309, 469, 307, 177, 175, 331, 210, 279, 214, 227, 353, 171, 330], "episode_rewards": [0.0, 1.0, 2.0, 1.0, 0.0, 3.0, 1.0, 1.0, 1.0, 1.0, 2.0, 0.0, 0.0, 1.0, 0.0, 1.0, 1.0, 1.0, 1.0, 0.0, 0.0, 3.0, 0.0, 0.0, 2.0, 0.0, 0.0, 0.0, 1.0, 1.0, 1.0, 0.0, 4.0, 1.0, 4.0, 1.0, 1.0, 1.0, 0.0, 0.0, 0.0, 3.0, 0.0, 0.0, 1.0, 2.0, 0.0, 2.0, 0.0, 2.0, 0.0, 3.0, 2.0, 3.0, 3.0, 2.0, 1.0, 1.0, 2.0, 3.0, 4.0, 0.0, 0.0, 1.0, 1.0, 2.0, 16.0, 0.0, 2.0, 1.0, 1.0, 0.0, 2.0, 1.0, 0.0, 3.0, 1.0, 1.0, 1.0, 0.0, 1.0, 0.0, 2.0, 3.0, 5.0, 2.0, 0.0, 3.0, 6.0, 2.0, 0.0, 0.0, 2.0, 1.0, 2.0, 1.0, 1.0, 3.0, 0.0, 3.0], "episode_types": ["t", "t", "t", "t", "t", "t", "t", "t", "t", "t", "t", "t", "t", "t", "t", "t", "t", "t", "t", "t", "t", "t", "t", "t", "t", "t", "t", "t", "t", "t", "t", "t", "t", "t", "t", "t", "t", "t", "t", "t", "t", "t", "t", "t", "t", "t", "t", "t", "t", "t", "t", "t", "t", "t", "t", "t", "t", "t", "t", "t", "t", "t", "t", "t", "t", "t", "t", "t", "t", "t", "t", "t", "t", "t", "t", "t", "t", "t", "t", "t", "t", "t", "t", "t", "t", "t", "t", "t", "t", "t", "t", "t", "t", "t", "t", "t", "t", "t", "t", "t", "t"]}