{"initial_reset_timestamp": 1554411299.3514988, "timestamps": [1554411307.122865, 1554411313.755869, 1554411319.9552164, 1554411326.4193597, 1554411332.1261744, 1554411339.1422305, 1554411344.485761, 1554411348.8691528, 1554411356.7781816, 1554411361.107403, 1554411365.7812898, 1554411371.3124104, 1554411376.0548785, 1554411382.3943276, 1554411390.0420754, 1554411397.88406, 1554411403.5880222, 1554411412.443633, 1554411417.780359, 1554411422.2654505, 1554411428.418424, 1554411432.78558, 1554411437.0607913, 1554411441.1408944, 1554411445.5825262, 1554411451.2550344, 1554411456.8504279, 1554411463.3420355, 1554411468.6193352, 1554411472.749826, 1554411477.2047663, 1554411482.557663, 1554411487.7484176, 1554411493.6400461, 1554411499.9688506, 1554411506.0567048, 1554411511.8309321, 1554411517.1737378, 1554411522.2702785, 1554411527.0978508, 1554411531.59644, 1554411537.715058, 1554411544.8139927, 1554411555.157583, 1554411563.275061, 1554411568.9413605, 1554411574.7375417, 1554411579.053785, 1554411583.672903, 1554411587.8750868, 1554411593.9949107, 1554411598.6284006, 1554411604.6623378, 1554411611.7690527, 1554411617.738751, 1554411625.021843, 1554411630.4889872, 1554411635.5347037, 1554411643.1024005, 1554411647.9220774, 1554411653.806684, 1554411659.2871933, 1554411664.3114605, 1554411674.9107358, 1554411682.0747142, 1554411688.760676, 1554411696.7333708, 1554411702.8595839, 1554411709.1712294, 1554411713.8272932, 1554411721.5294394, 1554411726.0761528, 1554411734.9094927, 1554411739.715535, 1554411745.3419957, 1554411749.776313, 1554411757.0544965, 1554411762.4622715, 1554411771.7862062, 1554411776.089788, 1554411785.9508965, 1554411795.3785305, 1554411799.7979543, 1554411804.701963, 1554411810.1740885, 1554411820.6345646, 1554411827.5817611, 1554411833.1971936, 1554411842.1011832, 1554411847.1288679, 1554411852.8331804, 1554411863.6184435, 1554411873.6269302, 1554411879.8697965, 1554411887.2580814, 1554411895.7749877, 1554411903.0545466, 1554411908.2782955, 1554411912.5684998, 1554411920.6126933, 1554411928.3217554, 1554411936.3170536, 1554411948.0472252, 1554411954.0922024, 1554411959.012543, 1554411965.2736578, 1554411976.4192486, 1554411981.4683685, 1554411991.5790596, 1554411998.9266334, 1554412004.3406243, 1554412011.6629856, 1554412019.0697858, 1554412025.7705376, 1554412033.6905515], "episode_lengths": [278, 274, 243, 251, 225, 275, 218, 184, 316, 170, 187, 219, 186, 252, 309, 311, 218, 352, 215, 176, 244, 176, 176, 168, 174, 223, 221, 248, 207, 167, 183, 222, 217, 231, 259, 237, 217, 200, 195, 180, 175, 243, 281, 409, 317, 222, 226, 172, 190, 182, 232, 187, 247, 294, 249, 276, 205, 193, 283, 182, 217, 212, 188, 412, 284, 271, 313, 241, 249, 184, 289, 173, 350, 192, 217, 172, 278, 209, 373, 170, 396, 377, 171, 196, 211, 402, 265, 217, 346, 195, 220, 411, 400, 251, 309, 345, 284, 198, 165, 315, 277, 309, 451, 234, 190, 241, 423, 203, 389, 289, 212, 288, 294, 269, 302], "episode_rewards": [2.0, 2.0, 1.0, 2.0, 1.0, 2.0, 1.0, 0.0, 3.0, 0.0, 0.0, 1.0, 0.0, 1.0, 2.0, 3.0, 1.0, 3.0, 1.0, 0.0, 2.0, 0.0, 0.0, 0.0, 0.0, 1.0, 1.0, 2.0, 1.0, 0.0, 0.0, 1.0, 1.0, 1.0, 2.0, 0.0, 1.0, 0.0, 0.0, 0.0, 0.0, 1.0, 2.0, 4.0, 3.0, 1.0, 1.0, 0.0, 0.0, 0.0, 1.0, 0.0, 1.0, 2.0, 2.0, 1.0, 0.0, 0.0, 2.0, 0.0, 1.0, 0.0, 0.0, 4.0, 2.0, 2.0, 2.0, 1.0, 1.0, 0.0, 2.0, 0.0, 3.0, 0.0, 1.0, 0.0, 2.0, 1.0, 3.0, 0.0, 4.0, 3.0, 0.0, 0.0, 1.0, 3.0, 2.0, 1.0, 3.0, 0.0, 1.0, 7.0, 4.0, 1.0, 2.0, 3.0, 2.0, 0.0, 0.0, 3.0, 2.0, 2.0, 4.0, 1.0, 0.0, 1.0, 4.0, 0.0, 3.0, 2.0, 0.0, 1.0, 1.0, 1.0, 1.0], "episode_types": ["t", "t", "t", "t", "t", "t", "t", "t", "t", "t", "t", "t", "t", "t", "t", "t", "t", "t", "t", "t", "t", "t", "t", "t", "t", "t", "t", "t", "t", "t", "t", "t", "t", "t", "t", "t", "t", "t", "t", "t", "t", "t", "t", "t", "t", "t", "t", "t", "t", "t", "t", "t", "t", "t", "t", "t", "t", "t", "t", "t", "t", "t", "t", "t", "t", "t", "t", "t", "t", "t", "t", "t", "t", "t", "t", "t", "t", "t", "t", "t", "t", "t", "t", "t", "t", "t", "t", "t", "t", "t", "t", "t", "t", "t", "t", "t", "t", "t", "t", "t", "t", "t", "t", "t", "t", "t", "t", "t", "t", "t", "t", "t", "t", "t", "t", "t"]}