{"initial_reset_timestamp": 1554410440.4035783, "timestamps": [1554410449.471144, 1554410458.8821144, 1554410463.94604, 1554410470.0397704, 1554410479.102246, 1554410487.7091765, 1554410493.879093, 1554410498.2583916, 1554410502.9831147, 1554410509.6739538, 1554410514.1680896, 1554410520.5039198, 1554410524.2442842, 1554410528.982679, 1554410538.518907, 1554410543.2497606, 1554410553.2495334, 1554410559.9738147, 1554410565.1087866, 1554410569.840215, 1554410576.3805027, 1554410583.2005863, 1554410589.4627929, 1554410594.0512598, 1554410598.5364194, 1554410606.3916578, 1554410610.8488033, 1554410619.7742457, 1554410624.1531868, 1554410631.2280097, 1554410638.2497241, 1554410645.3437617, 1554410650.1544943, 1554410654.604018, 1554410659.8583243, 1554410668.3497097, 1554410674.2497113, 1554410680.3890264, 1554410684.5806017, 1554410692.3739774, 1554410697.458148, 1554410703.803717, 1554410710.5841305, 1554410716.6143246, 1554410721.2298715, 1554410725.8219202, 1554410734.6742227, 1554410741.4708977, 1554410748.3062675, 1554410753.6663225, 1554410758.408881, 1554410768.5005074, 1554410773.070334, 1554410781.3474152, 1554410785.6523259, 1554410792.7284954, 1554410799.0825589, 1554410803.8832633, 1554410812.392377, 1554410820.768856, 1554410831.8894196, 1554410838.0143101, 1554410843.5647, 1554410850.5505626, 1554410858.657152, 1554410864.792352, 1554410874.536028, 1554410882.146949, 1554410887.1718943, 1554410893.1224878, 1554410897.391231, 1554410902.9199262, 1554410911.7858021, 1554410916.394917, 1554410922.3109682, 1554410930.8215044, 1554410935.4961214, 1554410943.3345485, 1554410949.1880774, 1554410954.8943357, 1554410966.452784, 1554410976.3562195, 1554410980.6626773, 1554410987.8406656, 1554410995.8496428, 1554411000.7590134, 1554411009.2956064, 1554411015.3975773, 1554411020.9027314, 1554411027.859849, 1554411034.2761998, 1554411039.2665741, 1554411044.6528082, 1554411051.6147914, 1554411058.3742828, 1554411067.5520072, 1554411075.7926688, 1554411084.108316, 1554411088.869043, 1554411093.9914255, 1554411101.5317695, 1554411108.4866788, 1554411115.6766806, 1554411121.8481433, 1554411127.1444502, 1554411133.6370063, 1554411143.8764596, 1554411152.7372503, 1554411161.048931, 1554411168.2894826, 1554411173.4748302, 1554411181.1160266, 1554411191.609842, 1554411205.170116, 1554411215.9191854, 1554411223.258234], "episode_lengths": [341, 386, 204, 239, 350, 333, 243, 172, 175, 244, 169, 242, 164, 211, 369, 173, 393, 268, 206, 189, 250, 286, 262, 182, 176, 302, 170, 346, 169, 272, 278, 275, 189, 170, 199, 336, 230, 229, 158, 328, 205, 229, 254, 248, 186, 190, 363, 272, 260, 201, 182, 395, 185, 351, 183, 297, 268, 197, 350, 328, 435, 229, 207, 270, 334, 241, 373, 288, 192, 239, 175, 223, 342, 175, 219, 319, 170, 303, 237, 215, 452, 415, 181, 281, 311, 198, 349, 251, 230, 290, 277, 214, 214, 291, 257, 377, 333, 340, 179, 189, 280, 263, 276, 242, 202, 250, 400, 347, 319, 276, 201, 302, 396, 524, 396, 273], "episode_rewards": [3.0, 4.0, 1.0, 1.0, 3.0, 3.0, 1.0, 0.0, 0.0, 1.0, 0.0, 1.0, 0.0, 1.0, 4.0, 0.0, 4.0, 2.0, 1.0, 1.0, 1.0, 2.0, 2.0, 0.0, 0.0, 3.0, 0.0, 3.0, 0.0, 2.0, 2.0, 2.0, 0.0, 0.0, 1.0, 3.0, 1.0, 1.0, 0.0, 3.0, 1.0, 1.0, 1.0, 1.0, 0.0, 0.0, 3.0, 2.0, 2.0, 0.0, 0.0, 4.0, 0.0, 3.0, 0.0, 2.0, 2.0, 0.0, 3.0, 3.0, 5.0, 1.0, 0.0, 2.0, 3.0, 2.0, 4.0, 2.0, 0.0, 1.0, 0.0, 1.0, 3.0, 0.0, 1.0, 3.0, 0.0, 2.0, 0.0, 0.0, 5.0, 3.0, 0.0, 2.0, 2.0, 0.0, 2.0, 1.0, 1.0, 0.0, 1.0, 1.0, 1.0, 2.0, 1.0, 3.0, 1.0, 0.0, 0.0, 0.0, 2.0, 2.0, 2.0, 1.0, 0.0, 1.0, 4.0, 1.0, 1.0, 1.0, 0.0, 1.0, 2.0, 2.0, 3.0, 0.0], "episode_types": ["t", "t", "t", "t", "t", "t", "t", "t", "t", "t", "t", "t", "t", "t", "t", "t", "t", "t", "t", "t", "t", "t", "t", "t", "t", "t", "t", "t", "t", "t", "t", "t", "t", "t", "t", "t", "t", "t", "t", "t", "t", "t", "t", "t", "t", "t", "t", "t", "t", "t", "t", "t", "t", "t", "t", "t", "t", "t", "t", "t", "t", "t", "t", "t", "t", "t", "t", "t", "t", "t", "t", "t", "t", "t", "t", "t", "t", "t", "t", "t", "t", "t", "t", "t", "t", "t", "t", "t", "t", "t", "t", "t", "t", "t", "t", "t", "t", "t", "t", "t", "t", "t", "t", "t", "t", "t", "t", "t", "t", "t", "t", "t", "t", "t", "t", "t", "t"]}