{"initial_reset_timestamp": 1554409977.9501593, "timestamps": [1554409983.0738337, 1554409989.8203342, 1554409997.6440146, 1554410003.9806058, 1554410011.721258, 1554410018.5351393, 1554410023.2560844, 1554410029.1745086, 1554410034.3225448, 1554410038.754835, 1554410043.2834477, 1554410050.2071836, 1554410054.3657956, 1554410058.8331676, 1554410063.7335474, 1554410072.8757737, 1554410078.739537, 1554410087.953742, 1554410095.5075064, 1554410106.2791374, 1554410111.4113288, 1554410115.602482, 1554410120.3952253, 1554410126.535657, 1554410132.31819, 1554410137.5618238, 1554410144.858448, 1554410149.4072716, 1554410154.7416985, 1554410161.427738, 1554410167.0043876, 1554410173.5831723, 1554410179.7765698, 1554410187.7398965, 1554410192.1877909], "episode_lengths": [174, 276, 302, 239, 299, 270, 186, 234, 209, 167, 175, 278, 164, 174, 191, 362, 227, 366, 304, 420, 202, 164, 176, 231, 223, 202, 287, 182, 210, 255, 219, 257, 238, 307, 168], "episode_rewards": [0.0, 2.0, 2.0, 1.0, 2.0, 2.0, 0.0, 1.0, 1.0, 0.0, 0.0, 2.0, 0.0, 0.0, 0.0, 4.0, 1.0, 3.0, 3.0, 4.0, 0.0, 0.0, 0.0, 1.0, 1.0, 1.0, 2.0, 0.0, 1.0, 1.0, 1.0, 1.0, 1.0, 2.0, 0.0], "episode_types": ["t", "t", "t", "t", "t", "t", "t", "t", "t", "t", "t", "t", "t", "t", "t", "t", "t", "t", "t", "t", "t", "t", "t", "t", "t", "t", "t", "t", "t", "t", "t", "t", "t", "t", "t", "t"]}