{"initial_reset_timestamp": 1554153967.4053986, "timestamps": [1554153974.3991046, 1554153984.1599963, 1554153989.7226496, 1554153999.9935763, 1554154004.2361236, 1554154011.5201228, 1554154017.8356712, 1554154022.1894808, 1554154030.979823, 1554154037.7040474, 1554154043.1301296, 1554154049.0419192, 1554154057.397904, 1554154061.6184435, 1554154065.9545043, 1554154073.0601408, 1554154080.6154408, 1554154085.9142013, 1554154094.1930656, 1554154103.4779477, 1554154109.2699275, 1554154113.6998248, 1554154122.179164, 1554154126.4221582, 1554154130.6661854, 1554154135.0386739, 1554154141.1790547, 1554154145.5009732, 1554154149.9314308, 1554154160.2008338, 1554154164.4963927, 1554154172.0795665, 1554154177.8953679, 1554154183.186585, 1554154189.9537265, 1554154197.6275096, 1554154203.6386888, 1554154209.380113, 1554154214.997235, 1554154221.4275572, 1554154225.562955, 1554154232.2767339, 1554154238.2153044, 1554154246.7521374, 1554154255.655514, 1554154265.4629605, 1554154271.3843207, 1554154278.158953, 1554154283.5284083, 1554154293.5765557], "episode_lengths": [231, 373, 213, 394, 164, 278, 248, 175, 347, 275, 220, 241, 333, 172, 183, 295, 304, 211, 323, 365, 227, 173, 332, 167, 168, 181, 250, 168, 173, 409, 172, 293, 233, 200, 267, 298, 236, 238, 217, 253, 169, 283, 236, 340, 348, 371, 229, 268, 206, 383], "episode_rewards": [1.0, 4.0, 1.0, 4.0, 0.0, 3.0, 1.0, 0.0, 3.0, 2.0, 1.0, 1.0, 3.0, 0.0, 0.0, 2.0, 2.0, 1.0, 3.0, 3.0, 1.0, 0.0, 3.0, 0.0, 0.0, 0.0, 2.0, 0.0, 0.0, 4.0, 0.0, 2.0, 1.0, 1.0, 2.0, 2.0, 1.0, 1.0, 1.0, 2.0, 0.0, 3.0, 1.0, 3.0, 3.0, 3.0, 1.0, 2.0, 1.0, 3.0], "episode_types": ["t", "t", "t", "t", "t", "t", "t", "t", "t", "t", "t", "t", "t", "t", "t", "t", "t", "t", "t", "t", "t", "t", "t", "t", "t", "t", "t", "t", "t", "t", "t", "t", "t", "t", "t", "t", "t", "t", "t", "t", "t", "t", "t", "t", "t", "t", "t", "t", "t", "t", "t"]}