{"initial_reset_timestamp": 1554155251.1508667, "timestamps": [1554155256.6035247, 1554155262.0558407, 1554155266.2634676, 1554155270.4854577, 1554155275.657048, 1554155281.0233812, 1554155288.8305936, 1554155294.935514, 1554155304.3777335, 1554155311.5387442, 1554155316.1302965, 1554155322.1652288, 1554155326.7027295, 1554155330.9538782, 1554155337.620762, 1554155342.2405508, 1554155348.9821227, 1554155355.787324, 1554155365.2208734, 1554155369.3463378, 1554155373.7660537, 1554155377.9296737, 1554155382.9458117, 1554155388.9452956, 1554155393.3232267, 1554155400.9988189, 1554155408.5224082, 1554155412.9734068, 1554155421.4805076, 1554155427.8839982, 1554155435.288336, 1554155440.0664766, 1554155447.0286958, 1554155457.4404647, 1554155467.4575136, 1554155471.731531, 1554155479.3489416, 1554155485.6388996, 1554155492.468637, 1554155499.3945887, 1554155503.9588032, 1554155513.5496726, 1554155518.3160062, 1554155525.4712448, 1554155532.283918, 1554155536.8479326, 1554155542.4961748, 1554155547.9661984, 1554155553.561992, 1554155560.0734642], "episode_lengths": [177, 207, 164, 165, 200, 208, 292, 229, 371, 278, 177, 231, 172, 166, 262, 179, 262, 258, 361, 172, 185, 174, 210, 244, 173, 305, 297, 179, 333, 251, 281, 182, 274, 406, 402, 164, 303, 242, 267, 268, 179, 370, 187, 276, 264, 177, 219, 216, 218, 251], "episode_rewards": [0.0, 1.0, 0.0, 0.0, 1.0, 1.0, 2.0, 1.0, 3.0, 2.0, 0.0, 1.0, 0.0, 0.0, 1.0, 0.0, 2.0, 1.0, 3.0, 0.0, 0.0, 0.0, 1.0, 1.0, 0.0, 2.0, 2.0, 0.0, 3.0, 1.0, 2.0, 0.0, 2.0, 4.0, 4.0, 0.0, 2.0, 1.0, 2.0, 2.0, 0.0, 3.0, 0.0, 2.0, 2.0, 0.0, 1.0, 1.0, 1.0, 1.0], "episode_types": ["t", "t", "t", "t", "t", "t", "t", "t", "t", "t", "t", "t", "t", "t", "t", "t", "t", "t", "t", "t", "t", "t", "t", "t", "t", "t", "t", "t", "t", "t", "t", "t", "t", "t", "t", "t", "t", "t", "t", "t", "t", "t", "t", "t", "t", "t", "t", "t", "t", "t", "t"]}