{"initial_reset_timestamp": 1554499263.8820348, "timestamps": [1554499268.1256127, 1554499269.1484852, 1554499269.761975, 1554499270.5628312, 1554499271.572196, 1554499272.1785226, 1554499272.982099, 1554499273.4698002, 1554499274.121619, 1554499274.8756807, 1554499275.7188504, 1554499276.2132761, 1554499276.9903328, 1554499277.4809456, 1554499278.0062156, 1554499278.85521, 1554499279.3235462, 1554499280.1543403, 1554499280.667254, 1554499281.4440958, 1554499282.1755342, 1554499282.900195, 1554499283.3966122, 1554499283.8962927, 1554499284.3749387, 1554499285.3207612, 1554499285.9213145, 1554499286.8394265, 1554499287.7412019, 1554499288.4785705, 1554499289.1137488, 1554499289.7507167, 1554499290.3148067, 1554499291.0144384, 1554499291.5697985, 1554499292.2280962, 1554499292.872134, 1554499294.8357146, 1554499295.4000945, 1554499296.5582678, 1554499297.3447006, 1554499297.8524346, 1554499298.37128, 1554499298.8302302, 1554499299.602857, 1554499300.6351907, 1554499301.135078, 1554499301.6307223, 1554499302.1592145, 1554499302.960119, 1554499303.947885, 1554499304.5610645, 1554499305.7563539, 1554499306.2293668, 1554499307.7095726, 1554499308.4109669, 1554499309.4156969, 1554499309.8934462, 1554499310.4287083, 1554499311.0955157, 1554499311.5976794, 1554499312.251849, 1554499312.723396, 1554499313.195516, 1554499313.8789184, 1554499314.40034, 1554499314.8671312, 1554499315.812225, 1554499316.333607, 1554499316.827855, 1554499317.554289, 1554499318.1157753, 1554499318.7109017, 1554499319.210127, 1554499320.255426, 1554499321.0509462, 1554499321.6331487, 1554499322.4166977, 1554499323.2287977, 1554499324.0142379], "episode_lengths": [191, 367, 221, 285, 364, 213, 286, 172, 233, 269, 305, 176, 276, 170, 185, 305, 169, 291, 179, 275, 260, 261, 177, 176, 165, 330, 211, 321, 321, 272, 231, 235, 198, 248, 194, 225, 224, 684, 205, 407, 282, 182, 186, 163, 279, 370, 172, 169, 180, 173, 349, 218, 429, 169, 537, 243, 342, 161, 181, 230, 178, 225, 167, 167, 242, 184, 167, 336, 181, 172, 239, 174, 204, 177, 374, 281, 207, 281, 269, 273], "episode_rewards": [0.0, 3.0, 1.0, 2.0, 3.0, 1.0, 2.0, 0.0, 1.0, 2.0, 2.0, 0.0, 2.0, 0.0, 0.0, 2.0, 0.0, 2.0, 0.0, 2.0, 1.0, 2.0, 0.0, 0.0, 0.0, 3.0, 1.0, 2.0, 3.0, 2.0, 1.0, 1.0, 0.0, 1.0, 0.0, 1.0, 1.0, 12.0, 1.0, 3.0, 2.0, 0.0, 0.0, 0.0, 2.0, 3.0, 0.0, 0.0, 0.0, 0.0, 3.0, 1.0, 4.0, 0.0, 9.0, 1.0, 3.0, 0.0, 0.0, 1.0, 0.0, 1.0, 0.0, 0.0, 1.0, 0.0, 0.0, 3.0, 0.0, 0.0, 1.0, 0.0, 0.0, 0.0, 3.0, 2.0, 1.0, 2.0, 2.0, 2.0], "episode_types": ["t", "t", "t", "t", "t", "t", "t", "t", "t", "t", "t", "t", "t", "t", "t", "t", "t", "t", "t", "t", "t", "t", "t", "t", "t", "t", "t", "t", "t", "t", "t", "t", "t", "t", "t", "t", "t", "t", "t", "t", "t", "t", "t", "t", "t", "t", "t", "t", "t", "t", "t", "t", "t", "t", "t", "t", "t", "t", "t", "t", "t", "t", "t", "t", "t", "t", "t", "t", "t", "t", "t", "t", "t", "t", "t", "t", "t", "t", "t", "t", "t", "t"]}