{"initial_reset_timestamp": 1554144054.7946389, "timestamps": [1554144056.5779526, 1554144057.3924718, 1554144057.8707254], "episode_lengths": [226, 282, 174], "episode_rewards": [1.0, 2.0, 0.0], "episode_types": ["t", "t", "t", "t"]}