{"initial_reset_timestamp": 1554143932.0961301, "timestamps": [1554143936.3275921, 1554143937.0276408, 1554143937.5244894, 1554143938.4254065, 1554143938.9097984, 1554143939.7388747, 1554143940.2371745, 1554143940.7481713, 1554143941.4122903, 1554143941.9033124, 1554143942.7155972, 1554143943.4528623, 1554143943.9671063, 1554143944.5768785, 1554143945.1385076, 1554143945.9797847, 1554143946.6105552, 1554143947.1271648, 1554143947.8659592, 1554143948.9180098, 1554143949.6965852, 1554143950.1635358, 1554143950.6657848, 1554143951.2814305, 1554143952.0607758, 1554143952.6799595, 1554143953.5751636, 1554143954.759203, 1554143955.4063928, 1554143955.8891191, 1554143956.3977752, 1554143957.0920582, 1554143957.8500805, 1554143958.9773762, 1554143959.6303797, 1554143960.946745, 1554143961.4188037, 1554143962.0877852, 1554143963.4459083, 1554143964.3762329, 1554143965.0544813, 1554143965.640277, 1554143966.4494622, 1554143966.9335928, 1554143967.656859, 1554143968.2665355, 1554143968.813603, 1554143969.473949, 1554143970.0440972, 1554143970.6886268, 1554143971.3058155, 1554143972.423378, 1554143973.0199678, 1554143973.7441826, 1554143974.907372, 1554143975.5298548, 1554143976.4178598, 1554143976.9123042, 1554143977.3829482, 1554143978.043001, 1554143978.806693, 1554143979.4112463, 1554143980.120889, 1554143980.630303, 1554143981.3543386, 1554143982.0741096, 1554143982.7206511, 1554143983.8182123, 1554143984.4758768, 1554143985.515875, 1554143986.2047288, 1554143986.6971684, 1554143987.1765633, 1554143987.6560369, 1554143988.1745458, 1554143988.8671124, 1554143989.679455, 1554143990.3273234, 1554143990.8973138, 1554143991.8356833, 1554143992.301006], "episode_lengths": [175, 245, 171, 316, 171, 303, 177, 180, 223, 175, 296, 244, 175, 208, 179, 296, 212, 170, 263, 354, 275, 169, 179, 219, 276, 213, 311, 396, 231, 168, 175, 239, 264, 406, 236, 479, 172, 242, 489, 315, 240, 208, 283, 170, 258, 213, 183, 236, 200, 225, 209, 378, 202, 247, 385, 220, 314, 171, 172, 242, 280, 222, 242, 170, 246, 253, 225, 360, 235, 372, 239, 174, 168, 168, 179, 230, 287, 222, 203, 335, 164], "episode_rewards": [0.0, 1.0, 0.0, 2.0, 0.0, 3.0, 0.0, 0.0, 1.0, 0.0, 2.0, 1.0, 0.0, 1.0, 0.0, 2.0, 1.0, 0.0, 2.0, 3.0, 2.0, 0.0, 0.0, 1.0, 2.0, 1.0, 2.0, 4.0, 1.0, 0.0, 0.0, 1.0, 2.0, 4.0, 1.0, 5.0, 0.0, 1.0, 5.0, 3.0, 1.0, 1.0, 2.0, 0.0, 2.0, 1.0, 0.0, 1.0, 1.0, 1.0, 1.0, 4.0, 1.0, 2.0, 4.0, 1.0, 2.0, 0.0, 0.0, 1.0, 2.0, 1.0, 1.0, 0.0, 1.0, 1.0, 1.0, 3.0, 1.0, 3.0, 1.0, 0.0, 0.0, 0.0, 0.0, 1.0, 2.0, 1.0, 1.0, 3.0, 0.0], "episode_types": ["t", "t", "t", "t", "t", "t", "t", "t", "t", "t", "t", "t", "t", "t", "t", "t", "t", "t", "t", "t", "t", "t", "t", "t", "t", "t", "t", "t", "t", "t", "t", "t", "t", "t", "t", "t", "t", "t", "t", "t", "t", "t", "t", "t", "t", "t", "t", "t", "t", "t", "t", "t", "t", "t", "t", "t", "t", "t", "t", "t", "t", "t", "t", "t", "t", "t", "t", "t", "t", "t", "t", "t", "t", "t", "t", "t", "t", "t", "t", "t", "t", "t", "t"]}