{"initial_reset_timestamp": 1554144774.613879, "timestamps": [1554145028.6668317, 1554145281.1427345, 1554145532.5631678, 1554145784.119286], "episode_lengths": [10000, 10000, 10000, 10000], "episode_rewards": [0.0, 0.0, 0.0, 0.0], "episode_types": ["t", "t", "t", "t", "t"]}