{"initial_reset_timestamp": 1554577457.8325589, "timestamps": [1554577464.477805, 1554577467.703348], "episode_lengths": [1023, 1031], "episode_rewards": [-21.0, -21.0], "episode_types": ["t", "t", "t", "t"]}