{"initial_reset_timestamp": 1554155712.8156188, "timestamps": [1554155717.9671679, 1554155724.9784024, 1554155732.64823, 1554155739.8964179, 1554155746.220841, 1554155752.330987, 1554155759.7694476, 1554155764.66145, 1554155771.7536447, 1554155777.1614792, 1554155781.2369556, 1554155792.7268565, 1554155803.021587, 1554155811.848403, 1554155816.4584258, 1554155823.9053526, 1554155830.5475397, 1554155837.0906024, 1554155842.788554, 1554155850.2899976, 1554155855.7580805, 1554155861.6551764, 1554155865.8319237, 1554155870.5507634, 1554155879.228538, 1554155889.4293401, 1554155897.0519736, 1554155904.2025993, 1554155908.335526, 1554155915.46324, 1554155921.8926163, 1554155931.7621, 1554155939.402261, 1554155943.7177436, 1554155947.9738526, 1554155953.7841003, 1554155958.659134, 1554155967.137925, 1554155972.9348018, 1554155977.2742474, 1554155983.3226469, 1554155989.1229987, 1554155996.8325691, 1554156004.2088943, 1554156009.3305757, 1554156013.5794446, 1554156018.9468136, 1554156024.1465683, 1554156031.0165431, 1554156038.1559515], "episode_lengths": [175, 273, 303, 291, 243, 234, 292, 186, 271, 209, 163, 460, 399, 344, 179, 282, 252, 247, 219, 296, 217, 236, 165, 187, 344, 413, 312, 295, 173, 298, 266, 400, 319, 175, 173, 235, 196, 357, 227, 166, 236, 233, 308, 304, 214, 169, 222, 215, 283, 293], "episode_rewards": [0.0, 2.0, 2.0, 2.0, 1.0, 1.0, 2.0, 0.0, 2.0, 1.0, 0.0, 5.0, 4.0, 3.0, 0.0, 2.0, 1.0, 1.0, 1.0, 2.0, 1.0, 1.0, 0.0, 0.0, 3.0, 4.0, 2.0, 2.0, 0.0, 2.0, 2.0, 4.0, 3.0, 0.0, 0.0, 1.0, 0.0, 3.0, 1.0, 0.0, 1.0, 1.0, 2.0, 3.0, 1.0, 0.0, 1.0, 1.0, 2.0, 2.0], "episode_types": ["t", "t", "t", "t", "t", "t", "t", "t", "t", "t", "t", "t", "t", "t", "t", "t", "t", "t", "t", "t", "t", "t", "t", "t", "t", "t", "t", "t", "t", "t", "t", "t", "t", "t", "t", "t", "t", "t", "t", "t", "t", "t", "t", "t", "t", "t", "t", "t", "t", "t", "t"]}