{"initial_reset_timestamp": 1555008156.8503208, "timestamps": [1555008157.8964005, 1555008158.486735, 1555008159.0676486, 1555008159.636599, 1555008162.0223286, 1555008163.7185028, 1555008165.3619092, 1555008165.8747602, 1555008166.4530885, 1555008167.0731864, 1555008167.7002409, 1555008168.3097174, 1555008168.9541175, 1555008169.5791833, 1555008170.1977832, 1555008172.836425, 1555008173.5132935, 1555008174.2182891, 1555008174.965646, 1555008175.6778736, 1555008178.3880215, 1555008180.3684618, 1555008181.0390494, 1555008181.727949, 1555008182.42274, 1555008185.1079154, 1555008185.750322, 1555008186.3613338, 1555008186.9903107, 1555008189.653617, 1555008191.803211, 1555008192.5218115, 1555008193.231668, 1555008193.9297557, 1555008194.6310384, 1555008195.3458502, 1555008196.0489478, 1555008196.762586, 1555008199.7388217, 1555008200.4339728, 1555008202.5887232, 1555008203.3208706, 1555008204.0303657, 1555008204.74564, 1555008205.371678, 1555008205.9987774, 1555008206.5970237, 1555008207.2187202, 1555008209.8756888, 1555008210.510548, 1555008211.285641, 1555008212.0556993, 1555008212.7567906, 1555008213.4662504, 1555008214.1724527, 1555008214.9215229, 1555008217.999903, 1555008218.7251797, 1555008221.7478366, 1555008222.4467273, 1555008223.1892512, 1555008223.8707175, 1555008224.5162656, 1555008225.1451075, 1555008225.7946985, 1555008226.4297037, 1555008227.1227167, 1555008227.8081534, 1555008228.4840808, 1555008229.1138783, 1555008229.7900434, 1555008230.448052, 1555008231.0996327, 1555008231.75736, 1555008232.4260318, 1555008235.2357466, 1555008235.8524208, 1555008236.494825, 1555008237.1235952, 1555008237.7441618, 1555008238.4114764, 1555008239.0259724, 1555008239.6552806, 1555008240.2682927, 1555008240.8969975, 1555008241.536985, 1555008242.167304, 1555008242.8118837, 1555008245.5012631, 1555008246.1415355, 1555008248.165079, 1555008250.2659287, 1555008250.9164937, 1555008253.543661, 1555008255.529795, 1555008256.1758962, 1555008258.1584034, 1555008258.79364, 1555008259.4143195, 1555008260.0353172, 1555008260.8185475, 1555008261.4936492, 1555008262.1636817, 1555008265.0355904, 1555008265.7447138, 1555008267.9296808, 1555008268.6367931, 1555008269.3294153, 1555008270.0418563, 1555008273.0702739, 1555008275.2625906, 1555008276.0040696, 1555008276.749225, 1555008277.5016856, 1555008280.675444, 1555008281.4201884, 1555008282.1396582, 1555008282.8478458, 1555008283.5795622, 1555008284.2264712, 1555008284.8609698, 1555008285.487111, 1555008286.0990124, 1555008286.7509518, 1555008287.3906553, 1555008288.0349557, 1555008288.667713, 1555008289.3148077, 1555008289.9435039, 1555008290.6202388, 1555008291.3299801, 1555008292.0229337, 1555008292.7272143, 1555008293.4364455, 1555008294.118461, 1555008294.8349464, 1555008297.8118556, 1555008298.4400177, 1555008299.0749185, 1555008299.700703], "episode_lengths": [14, 23, 23, 23, 98, 71, 72, 23, 23, 23, 23, 23, 23, 23, 23, 98, 23, 23, 23, 23, 98, 71, 23, 23, 23, 98, 23, 23, 23, 98, 71, 23, 23, 23, 23, 23, 23, 23, 98, 23, 71, 23, 23, 23, 23, 23, 23, 23, 98, 23, 23, 23, 23, 23, 23, 23, 98, 23, 98, 23, 23, 23, 23, 23, 23, 23, 23, 23, 23, 23, 23, 23, 23, 23, 23, 98, 23, 23, 23, 23, 23, 23, 23, 23, 23, 23, 23, 23, 98, 23, 71, 72, 23, 98, 71, 23, 72, 23, 23, 23, 23, 23, 23, 98, 23, 71, 23, 23, 23, 98, 71, 23, 23, 23, 98, 23, 23, 23, 23, 23, 23, 23, 23, 23, 23, 23, 23, 23, 23, 23, 23, 23, 23, 23, 23, 23, 98, 23, 23, 23], "episode_rewards": [0.0, 0.0, 0.0, 0.0, 2.0, 1.0, 1.0, 0.0, 0.0, 0.0, 0.0, 0.0, 0.0, 0.0, 0.0, 2.0, 0.0, 0.0, 0.0, 0.0, 2.0, 1.0, 0.0, 0.0, 0.0, 2.0, 0.0, 0.0, 0.0, 2.0, 1.0, 0.0, 0.0, 0.0, 0.0, 0.0, 0.0, 0.0, 2.0, 0.0, 1.0, 0.0, 0.0, 0.0, 0.0, 0.0, 0.0, 0.0, 2.0, 0.0, 0.0, 0.0, 0.0, 0.0, 0.0, 0.0, 2.0, 0.0, 2.0, 0.0, 0.0, 0.0, 0.0, 0.0, 0.0, 0.0, 0.0, 0.0, 0.0, 0.0, 0.0, 0.0, 0.0, 0.0, 0.0, 2.0, 0.0, 0.0, 0.0, 0.0, 0.0, 0.0, 0.0, 0.0, 0.0, 0.0, 0.0, 0.0, 2.0, 0.0, 1.0, 1.0, 0.0, 2.0, 1.0, 0.0, 1.0, 0.0, 0.0, 0.0, 0.0, 0.0, 0.0, 2.0, 0.0, 1.0, 0.0, 0.0, 0.0, 2.0, 1.0, 0.0, 0.0, 0.0, 2.0, 0.0, 0.0, 0.0, 0.0, 0.0, 0.0, 0.0, 0.0, 0.0, 0.0, 0.0, 0.0, 0.0, 0.0, 0.0, 0.0, 0.0, 0.0, 0.0, 0.0, 0.0, 2.0, 0.0, 0.0, 0.0], "episode_types": ["t", "t", "t", "t", "t", "t", "t", "t", "t", "t", "t", "t", "t", "t", "t", "t", "t", "t", "t", "t", "t", "t", "t", "t", "t", "t", "t", "t", "t", "t", "t", "t", "t", "t", "t", "t", "t", "t", "t", "t", "t", "t", "t", "t", "t", "t", "t", "t", "t", "t", "t", "t", "t", "t", "t", "t", "t", "t", "t", "t", "t", "t", "t", "t", "t", "t", "t", "t", "t", "t", "t", "t", "t", "t", "t", "t", "t", "t", "t", "t", "t", "t", "t", "t", "t", "t", "t", "t", "t", "t", "t", "t", "t", "t", "t", "t", "t", "t", "t", "t", "t", "t", "t", "t", "t", "t", "t", "t", "t", "t", "t", "t", "t", "t", "t", "t", "t", "t", "t", "t", "t", "t", "t", "t", "t", "t", "t", "t", "t", "t", "t", "t", "t", "t", "t", "t", "t", "t", "t", "t", "t"]}