{"initial_reset_timestamp": 1554845519.1779695, "timestamps": [1554845555.8118753, 1554845647.3716688], "episode_lengths": [1229, 3265], "episode_rewards": [-9.0, -21.0], "episode_types": ["t", "t", "t"]}