{"initial_reset_timestamp": 1554845233.410416, "timestamps": [1554845255.4056692, 1554845277.9976017, 1554845302.0764487, 1554845327.5179126, 1554845357.259668, 1554845386.4967263, 1554845411.1290941, 1554845437.8514075], "episode_lengths": [675, 760, 838, 869, 1034, 999, 852, 917], "episode_rewards": [-11.0, -21.0, -20.0, -21.0, -20.0, -20.0, -20.0, -20.0], "episode_types": ["t", "t", "t", "t", "t", "t", "t", "t", "t"]}