{"initial_reset_timestamp": 1554502561.606462, "timestamps": [1554502568.344179, 1554502574.7412646, 1554502579.4277809, 1554502584.5385077, 1554502593.436861, 1554502599.7292278, 1554502604.269248, 1554502612.7470121, 1554502619.9306295, 1554502624.1941276, 1554502631.334448, 1554502638.201998, 1554502642.7300208, 1554502649.6885934, 1554502655.6212587, 1554502664.1929493, 1554502670.024689, 1554502674.5136204, 1554502680.1888902, 1554502684.6568828, 1554502690.9246564, 1554502698.6340477, 1554502703.4874933, 1554502709.4831436, 1554502716.7514284, 1554502723.1366384, 1554502729.2523873, 1554502734.0550587, 1554502738.7095776, 1554502747.0509536, 1554502756.3280656, 1554502760.665858, 1554502766.1239562, 1554502772.4140434, 1554502778.3218942, 1554502789.722891, 1554502794.5029964, 1554502799.0169327, 1554502804.7285304, 1554502809.3477309, 1554502814.172065, 1554502819.6474247, 1554502825.5864298, 1554502831.297605, 1554502835.7743797, 1554502840.520988, 1554502850.026239, 1554502855.946131, 1554502859.99076, 1554502867.031205], "episode_lengths": [239, 262, 188, 210, 349, 251, 184, 348, 306, 179, 296, 282, 179, 275, 231, 336, 228, 175, 223, 175, 245, 306, 191, 237, 274, 244, 235, 186, 179, 330, 367, 169, 208, 241, 221, 440, 184, 177, 221, 172, 182, 211, 249, 236, 172, 194, 381, 234, 158, 271], "episode_rewards": [1.0, 1.0, 0.0, 1.0, 3.0, 2.0, 0.0, 3.0, 2.0, 0.0, 2.0, 2.0, 0.0, 2.0, 1.0, 3.0, 1.0, 0.0, 1.0, 0.0, 1.0, 3.0, 0.0, 1.0, 2.0, 1.0, 1.0, 0.0, 0.0, 3.0, 3.0, 0.0, 1.0, 1.0, 1.0, 4.0, 0.0, 0.0, 1.0, 0.0, 0.0, 1.0, 1.0, 1.0, 0.0, 0.0, 4.0, 1.0, 0.0, 2.0], "episode_types": ["t", "t", "t", "t", "t", "t", "t", "t", "t", "t", "t", "t", "t", "t", "t", "t", "t", "t", "t", "t", "t", "t", "t", "t", "t", "t", "t", "t", "t", "t", "t", "t", "t", "t", "t", "t", "t", "t", "t", "t", "t", "t", "t", "t", "t", "t", "t", "t", "t", "t", "t"]}