{"initial_reset_timestamp": 1554845738.3563738, "timestamps": [1554845750.418782, 1554845766.14857, 1554845781.1690195, 1554845796.581119, 1554845817.796909, 1554845840.3739057, 1554845856.8404853, 1554845871.7459967, 1554845891.0472853, 1554845909.7349453, 1554845928.8253288, 1554845949.4875023, 1554845966.68426, 1554845984.510667, 1554846001.801174, 1554846018.8708563, 1554846036.3126304, 1554846055.0915725, 1554846073.737204, 1554846090.2556005, 1554846106.5763652, 1554846122.18736, 1554846139.466013, 1554846159.7616794, 1554846176.5069845, 1554846197.8134084, 1554846215.6792932, 1554846235.4391644, 1554846255.1546695, 1554846271.756009, 1554846294.0550117, 1554846308.25845, 1554846327.2316103, 1554846342.3225951, 1554846364.993846, 1554846381.4073644, 1554846399.6651106, 1554846420.3588247, 1554846439.991554, 1554846458.2459137, 1554846475.2473702, 1554846491.2097626, 1554846508.8669715], "episode_lengths": [484, 522, 505, 505, 724, 764, 565, 505, 657, 628, 644, 698, 584, 595, 588, 585, 563, 652, 622, 565, 547, 555, 585, 681, 584, 731, 631, 689, 667, 547, 757, 507, 645, 507, 765, 563, 627, 720, 663, 616, 593, 524, 610], "episode_rewards": [-17.0, -21.0, -21.0, -21.0, -20.0, -19.0, -21.0, -21.0, -20.0, -21.0, -21.0, -21.0, -21.0, -20.0, -21.0, -21.0, -21.0, -20.0, -19.0, -21.0, -21.0, -20.0, -21.0, -20.0, -21.0, -20.0, -20.0, -20.0, -21.0, -21.0, -20.0, -21.0, -21.0, -21.0, -20.0, -21.0, -21.0, -19.0, -21.0, -20.0, -20.0, -21.0, -20.0], "episode_types": ["t", "t", "t", "t", "t", "t", "t", "t", "t", "t", "t", "t", "t", "t", "t", "t", "t", "t", "t", "t", "t", "t", "t", "t", "t", "t", "t", "t", "t", "t", "t", "t", "t", "t", "t", "t", "t", "t", "t", "t", "t", "t", "t", "t"]}