{"initial_reset_timestamp": 1554671804.6319287, "timestamps": [1554671810.0784354, 1554671817.2079844, 1554671823.9712152, 1554671830.9753802, 1554671837.2058628, 1554671843.1567214, 1554671849.081475, 1554671854.815296, 1554671862.120355, 1554671868.3884237, 1554671874.4204226, 1554671880.4548414, 1554671887.5305276, 1554671894.5204763, 1554671901.649529, 1554671908.1012437, 1554671913.540313, 1554671920.7968056, 1554671927.347573, 1554671933.7253392, 1554671941.7786517, 1554671947.729746, 1554671956.1071215, 1554671962.0006874, 1554671969.6193726, 1554671975.6556575, 1554671982.2930245, 1554671989.5669832, 1554671996.635442, 1554672003.5626898, 1554672009.5289552, 1554672016.698963, 1554672022.7818685, 1554672028.3683083, 1554672035.4980285, 1554672047.2374947, 1554672052.9645374, 1554672060.9210286, 1554672068.9592202, 1554672074.357802, 1554672080.7675827, 1554672087.5681193, 1554672093.3114455, 1554672100.6763825, 1554672107.0047398, 1554672113.7509851, 1554672120.573492, 1554672126.137617, 1554672134.175715, 1554672141.076868, 1554672147.4156597, 1554672154.7870672, 1554672162.221688, 1554672169.217678, 1554672175.7169132, 1554672181.2297795, 1554672189.035472, 1554672195.0970507, 1554672201.553083, 1554672209.2556937, 1554672215.6611443, 1554672221.2289772, 1554672226.9217503, 1554672233.9863937, 1554672240.2522821, 1554672246.106423, 1554672252.7903912, 1554672260.2747061, 1554672266.1007912, 1554672274.2556477, 1554672279.7539337, 1554672288.5979872, 1554672295.5374334, 1554672304.3051307, 1554672311.6909506, 1554672318.9532335, 1554672325.4962163, 1554672332.3625286, 1554672338.2588549, 1554672344.297339, 1554672350.994932, 1554672357.132688, 1554672364.4836726, 1554672371.8527973, 1554672377.3846598, 1554672384.08175, 1554672390.5287259, 1554672398.0900698, 1554672403.8281212, 1554672410.6182716, 1554672416.363405, 1554672422.696859, 1554672428.2637322, 1554672434.696528, 1554672440.1807466, 1554672447.5424194, 1554672454.808218, 1554672461.0012684, 1554672466.4537451, 1554672472.4213676, 1554672479.7861025, 1554672487.9734676, 1554672493.475728, 1554672502.0157323, 1554672508.3990812, 1554672516.2901747, 1554672521.8004515, 1554672527.3337638, 1554672532.9786837, 1554672540.5464733, 1554672547.6564963, 1554672555.0379555, 1554672562.457483, 1554672570.4094589, 1554672577.2335627, 1554672583.1532996, 1554672590.4502256, 1554672597.5885181, 1554672603.859994, 1554672609.7576776, 1554672616.554013, 1554672622.980514, 1554672630.789031, 1554672636.6210127, 1554672643.1007035, 1554672649.9244235, 1554672655.3152387, 1554672661.2315261, 1554672666.997533, 1554672674.2310424, 1554672681.1360316, 1554672687.5788631, 1554672693.1508052, 1554672700.0736635, 1554672706.8355165, 1554672713.3424509, 1554672719.7628658, 1554672725.539397, 1554672731.6696208, 1554672737.9574795, 1554672745.0831044, 1554672752.6166978, 1554672760.0619612, 1554672768.1659496, 1554672774.1824932, 1554672780.8425748, 1554672788.3089104, 1554672795.6874707, 1554672802.4073718, 1554672808.1473603, 1554672814.7156715, 1554672820.602903, 1554672827.0547736, 1554672833.4414485, 1554672840.2113066, 1554672847.9014652, 1554672853.8720229, 1554672859.3312945, 1554672865.762492, 1554672873.3702903, 1554672880.12311, 1554672885.490854, 1554672891.0787408, 1554672897.8389127, 1554672904.5562289, 1554672911.8842335, 1554672919.5411236, 1554672925.5907543, 1554672934.5493503, 1554672939.9155943, 1554672945.84667, 1554672952.2746878, 1554672957.7759526, 1554672963.419518, 1554672969.4040208, 1554672977.6527293, 1554672983.0784729, 1554672989.9713006, 1554672995.341, 1554673002.1771216, 1554673008.628102, 1554673016.95354, 1554673024.7359915, 1554673031.5940058, 1554673037.647359, 1554673044.0098858, 1554673051.8563185, 1554673058.329051, 1554673064.337806, 1554673069.8686664, 1554673075.8221421, 1554673082.682863, 1554673089.5345597, 1554673095.0102358, 1554673103.4107316, 1554673109.4154558, 1554673116.9427414, 1554673123.4233718, 1554673131.2057927, 1554673137.7410088, 1554673144.1772475, 1554673150.108318, 1554673155.93133, 1554673163.1469162, 1554673169.053874, 1554673175.1068819, 1554673182.651636, 1554673189.2894523, 1554673195.290998, 1554673203.0269427, 1554673209.1955833, 1554673215.9106524, 1554673225.268296, 1554673232.2294455, 1554673238.4688647, 1554673244.576977, 1554673250.5082545, 1554673255.948812, 1554673262.7747297, 1554673268.8541148, 1554673275.5521278, 1554673282.4800646, 1554673289.7859995, 1554673295.411739, 1554673302.287637, 1554673309.1852202, 1554673315.9362135, 1554673322.102642, 1554673328.0364912, 1554673335.688169, 1554673342.1993165, 1554673348.9852777, 1554673354.9653714, 1554673361.3177812, 1554673367.4931343, 1554673373.0689514, 1554673379.3263772, 1554673386.0004609, 1554673391.5779016, 1554673397.5857732, 1554673404.2558353, 1554673410.634988, 1554673417.8046887, 1554673424.392268, 1554673431.3511696, 1554673437.8512728, 1554673444.2969263, 1554673450.223028, 1554673456.1264362, 1554673461.7899976, 1554673469.0829766, 1554673476.6466572, 1554673483.15059, 1554673490.251565, 1554673496.3588645, 1554673503.3816879, 1554673509.7279675, 1554673517.4414034, 1554673523.439703, 1554673529.4472246, 1554673535.920035, 1554673542.577155, 1554673548.8385408, 1554673555.321938, 1554673561.8955276, 1554673569.0300086, 1554673575.1479123, 1554673580.7678344, 1554673586.7887907, 1554673592.9889815], "episode_lengths": [208, 315, 303, 318, 279, 272, 272, 264, 331, 284, 271, 267, 318, 313, 323, 290, 245, 328, 292, 290, 362, 266, 378, 268, 342, 270, 292, 323, 318, 313, 268, 323, 275, 251, 315, 532, 262, 358, 360, 243, 290, 309, 260, 331, 285, 306, 304, 251, 363, 310, 268, 332, 328, 311, 297, 249, 357, 279, 293, 351, 288, 248, 257, 317, 283, 266, 302, 337, 265, 370, 245, 396, 317, 396, 334, 332, 293, 309, 264, 269, 301, 278, 335, 336, 249, 301, 288, 340, 259, 304, 255, 287, 248, 292, 247, 332, 323, 280, 246, 270, 312, 368, 249, 384, 287, 354, 248, 249, 253, 340, 316, 332, 332, 357, 312, 268, 333, 321, 287, 267, 310, 297, 354, 263, 295, 312, 243, 269, 262, 330, 315, 287, 246, 309, 300, 289, 285, 256, 273, 285, 320, 338, 328, 363, 267, 295, 331, 325, 299, 254, 273, 266, 286, 284, 306, 349, 271, 252, 292, 342, 308, 246, 254, 305, 307, 337, 348, 274, 403, 244, 268, 293, 250, 253, 268, 374, 248, 319, 246, 315, 290, 377, 348, 306, 272, 289, 357, 291, 273, 254, 274, 315, 313, 245, 377, 271, 337, 293, 361, 300, 271, 265, 266, 329, 267, 274, 345, 302, 269, 350, 280, 306, 426, 314, 282, 278, 269, 252, 311, 279, 312, 312, 330, 256, 312, 310, 305, 279, 267, 348, 295, 311, 276, 289, 281, 252, 285, 300, 253, 271, 309, 289, 324, 299, 315, 290, 294, 267, 267, 255, 309, 335, 281, 315, 273, 312, 283, 343, 267, 265, 288, 293, 275, 288, 290, 316, 272, 252, 266, 275],