{"initial_reset_timestamp": 1554844970.3420026, "timestamps": [1554844993.02669, 1554845015.5499468, 1554845039.728772, 1554845068.1980605, 1554845091.4822717, 1554845122.6467977, 1554845148.6628377, 1554845171.01113], "episode_lengths": [721, 760, 839, 999, 804, 1092, 910, 783], "episode_rewards": [-11.0, -21.0, -21.0, -21.0, -21.0, -19.0, -21.0, -21.0], "episode_types": ["t", "t", "t", "t", "t", "t", "t", "t", "t"]}