{"episode_rewards": [38.0, 24.0, 12.0, 32.0, 19.0, 21.0, 18.0, 22.0, 15.0, 18.0, 14.0, 13.0, 42.0, 11.0, 20.0, 12.0, 38.0, 62.0, 45.0, 32.0, 44.0, 32.0, 17.0, 16.0, 22.0, 38.0, 19.0, 12.0], "episode_lengths": [38, 24, 12, 32, 19, 21, 18, 22, 15, 18, 14, 13, 42, 11, 20, 12, 38, 62, 45, 32, 44, 32, 17, 16, 22, 38, 19, 12], "timestamps": [1554237147.0081692, 1554237147.3370254, 1554237147.475738, 1554237147.7419436, 1554237147.9064243, 1554237148.061035, 1554237148.2105784, 1554237148.3879564, 1554237148.512889, 1554237148.6654196, 1554237148.803995, 1554237148.8975105, 1554237149.2157655, 1554237149.3261476, 1554237149.4618495, 1554237149.56072, 1554237149.8121176, 1554237150.3079216, 1554237150.5399663, 1554237150.7242315, 1554237151.0053365, 1554237151.2751122, 1554237151.4267085, 1554237151.5796924, 1554237151.7532184, 1554237152.0299788, 1554237152.1240768, 1554237152.1799216], "initial_reset_timestamp": 1554237144.9001954, "episode_types": ["t", "t", "t", "t", "t", "t", "t", "t", "t", "t", "t", "t", "t", "t", "t", "t", "t", "t", "t", "t", "t", "t", "t", "t", "t", "t", "t", "t", "t"]}