{"episode_rewards": [40.0, 12.0, 21.0, 18.0, 15.0, 34.0, 9.0, 27.0, 8.0, 14.0, 14.0, 31.0, 23.0, 28.0, 15.0, 15.0, 19.0, 13.0, 19.0, 11.0, 23.0, 13.0, 32.0, 44.0, 29.0, 37.0, 27.0, 31.0, 34.0, 19.0, 20.0, 36.0, 18.0], "episode_lengths": [40, 12, 21, 18, 15, 34, 9, 27, 8, 14, 14, 31, 23, 28, 15, 15, 19, 13, 19, 11, 23, 13, 32, 44, 29, 37, 27, 31, 34, 19, 20, 36, 18], "initial_reset_timestamp": 1554236180.3767207, "episode_types": ["t", "t", "t", "t", "t", "t", "t", "t", "t", "t", "t", "t", "t", "t", "t", "t", "t", "t", "t", "t", "t", "t", "t", "t", "t", "t", "t", "t", "t", "t", "t", "t", "t", "t"], "timestamps": [1554236182.109392, 1554236182.2438347, 1554236182.3167083, 1554236182.3987978, 1554236182.4533288, 1554236182.5747626, 1554236182.618879, 1554236182.8158906, 1554236182.8958683, 1554236183.005748, 1554236183.0838854, 1554236183.2966263, 1554236183.3992436, 1554236183.50329, 1554236183.5619416, 1554236183.6152358, 1554236183.6990426, 1554236183.7478056, 1554236183.8227746, 1554236183.8620439, 1554236183.9484148, 1554236183.9986827, 1554236184.115222, 1554236184.2801054, 1554236184.3967965, 1554236184.5419374, 1554236184.6451511, 1554236184.7713451, 1554236184.8929946, 1554236184.9624643, 1554236185.0370157, 1554236185.1641576, 1554236185.244274]}