{"initial_reset_timestamp": 1554495443.817988, "timestamps": [1554495460.2690587], "episode_lengths": [1257], "episode_rewards": [-21.0], "episode_types": ["t", "t", "t"]}