{"episode_types": ["t", "t", "t", "t", "t", "t", "t", "t", "t", "t", "t", "t", "t", "t", "t", "t", "t", "t"], "episode_lengths": [1381, 1017, 1239, 1118, 1365, 1186, 1138, 1239, 1331, 1216, 1011, 1088, 1203, 1264, 1106, 1217], "timestamps": [1554495500.2353086, 1554495504.862351, 1554495511.4058673, 1554495516.9498744, 1554495523.4325838, 1554495529.1305904, 1554495534.6294975, 1554495540.5576682, 1554495547.008339, 1554495553.4223378, 1554495558.1246605, 1554495563.2637432, 1554495568.405884, 1554495574.0055063, 1554495579.1063783, 1554495584.4997401], "initial_reset_timestamp": 1554495483.0980732, "episode_rewards": [-20.0, -21.0, -21.0, -20.0, -21.0, -21.0, -21.0, -20.0, -19.0, -20.0, -21.0, -21.0, -21.0, -21.0, -21.0, -20.0]}