{"initial_reset_timestamp": 1554232404.9133737, "timestamps": [1554232446.7006543, 1554232477.9393995, 1554232508.9009292, 1554232544.3186576, 1554232568.6855736, 1554232600.3037262, 1554232632.5401878, 1554232659.1462154, 1554232684.5788915, 1554232717.0369143, 1554232746.3107681, 1554232781.7873647, 1554232812.5604336, 1554232842.8761666, 1554232874.0413077, 1554232898.8731549, 1554232933.862398, 1554232966.216587, 1554232996.2977617, 1554233033.0842655, 1554233062.0150037, 1554233090.530732, 1554233126.8647904, 1554233161.988522, 1554233191.6363842, 1554233218.3358006, 1554233248.905114, 1554233279.8357944, 1554233313.7728007, 1554233340.977585, 1554233374.452124, 1554233406.7668178, 1554233439.0809639, 1554233463.9669378, 1554233494.7964242, 1554233522.262451, 1554233556.0334847, 1554233590.3346212, 1554233616.6256106, 1554233647.8089602, 1554233684.0959582, 1554233714.7650383, 1554233744.1867359, 1554233777.1340451, 1554233807.5003967, 1554233838.4011786, 1554233865.3738155, 1554233895.6547215, 1554233924.1091917, 1554233952.0530221, 1554233981.643789, 1554234016.7188091, 1554234055.2219944, 1554234086.5641294, 1554234122.250203, 1554234157.0221786, 1554234190.231923, 1554234224.0124624, 1554234253.2677693, 1554234283.1538785, 1554234311.5558977, 1554234339.292753, 1554234368.366625, 1554234394.4722545, 1554234426.5040283, 1554234455.292968, 1554234485.0263078, 1554234518.318816, 1554234549.3175323, 1554234591.9949636, 1554234622.7139916, 1554234651.455414, 1554234685.7869358, 1554234714.4163115, 1554234743.6929207, 1554234773.5160964, 1554234798.9515207, 1554234825.8217568, 1554234858.4454834, 1554234885.627697, 1554234912.6723385, 1554234945.2756817, 1554234973.851378, 1554235006.0889883, 1554235032.8578527, 1554235062.9003649, 1554235100.5387213, 1554235139.6048715], "episode_lengths": [1616, 1254, 1268, 1446, 1018, 1324, 1327, 1052, 1003, 1263, 1199, 1362, 1243, 1185, 1274, 1023, 1377, 1272, 1139, 1398, 1092, 1118, 1413, 1363, 1231, 1045, 1159, 1171, 1344, 1135, 1322, 1298, 1314, 1008, 1185, 1066, 1321, 1375, 1098, 1250, 1435, 1183, 1132, 1272, 1189, 1242, 1049, 1183, 1111, 1123, 1232, 1426, 1550, 1233, 1503, 1379, 1315, 1339, 1107, 1136, 1189, 1143, 1214, 1059, 1219, 1097, 1137, 1278, 1190, 1648, 1197, 1132, 1328, 1097, 1156, 1193, 1034, 1059, 1323, 1112, 1079, 1279, 1126, 1307, 1100, 1213, 1520, 1520], "episode_rewards": [-19.0, -21.0, -19.0, -21.0, -21.0, -20.0, -19.0, -21.0, -21.0, -21.0, -21.0, -20.0, -20.0, -21.0, -20.0, -21.0, -18.0, -20.0, -20.0, -19.0, -21.0, -21.0, -20.0, -20.0, -20.0, -21.0, -21.0, -21.0, -20.0, -20.0, -20.0, -20.0, -21.0, -21.0, -20.0, -21.0, -19.0, -20.0, -21.0, -20.0, -20.0, -21.0, -21.0, -20.0, -21.0, -20.0, -21.0, -21.0, -20.0, -20.0, -20.0, -19.0, -19.0, -20.0, -21.0, -21.0, -20.0, -21.0, -21.0, -21.0, -21.0, -21.0, -20.0, -21.0, -21.0, -21.0, -21.0, -20.0, -20.0, -20.0, -20.0, -21.0, -21.0, -21.0, -21.0, -21.0, -21.0, -21.0, -20.0, -20.0, -21.0, -20.0, -21.0, -19.0, -21.0, -20.0, -20.0, -18.0], "episode_types": ["t", "t", "t", "t", "t", "t", "t", "t", "t", "t", "t", "t", "t", "t", "t", "t", "t", "t", "t", "t", "t", "t", "t", "t", "t", "t", "t", "t", "t", "t", "t", "t", "t", "t", "t", "t", "t", "t", "t", "t", "t", "t", "t", "t", "t", "t", "t", "t", "t", "t", "t", "t", "t", "t", "t", "t", "t", "t", "t", "t", "t", "t", "t", "t", "t", "t", "t", "t", "t", "t", "t", "t", "t", "t", "t", "t", "t", "t", "t", "t", "t", "t", "t", "t", "t", "t", "t", "t", "t"]}