{"initial_reset_timestamp": 1554577925.0709147, "timestamps": [1554577947.9860203, 1554577970.5122156, 1554577991.041901, 1554578014.5408967, 1554578035.271796, 1554578058.769972, 1554578086.534447, 1554578109.2760804, 1554578132.7129474, 1554578153.3264594, 1554578178.5280461, 1554578201.3708527, 1554578221.6767683, 1554578248.0252185, 1554578276.276135], "episode_lengths": [1142, 1192, 1095, 1239, 1107, 1249, 1473, 1200, 1237, 1098, 1347, 1203, 1102, 1406, 1476], "episode_rewards": [-21.0, -21.0, -21.0, -19.0, -21.0, -21.0, -20.0, -21.0, -20.0, -21.0, -21.0, -21.0, -21.0, -19.0, -21.0], "episode_types": ["t", "t", "t", "t", "t", "t", "t", "t", "t", "t", "t", "t", "t", "t", "t", "t"]}