{"initial_reset_timestamp": 1554408150.7055528, "timestamps": [1554408157.4815893, 1554408161.8847053, 1554408168.7650826, 1554408174.0810091, 1554408179.500721, 1554408187.318714, 1554408191.5251913, 1554408196.7953384, 1554408201.1109707, 1554408207.8737354, 1554408214.5825045, 1554408221.0483928, 1554408225.2365272, 1554408229.487003, 1554408238.4383264, 1554408245.8414629, 1554408251.592278, 1554408256.87698, 1554408265.1777024, 1554408269.7402697, 1554408274.2365088, 1554408283.2896087, 1554408291.1307428, 1554408298.1174734, 1554408307.0314069, 1554408312.3781524, 1554408319.8568423, 1554408324.547245, 1554408330.824449, 1554408335.0098045, 1554408339.596575, 1554408346.0125146, 1554408353.8326058, 1554408360.1764784, 1554408364.9644794, 1554408371.9116533, 1554408377.4384394, 1554408382.9045753, 1554408389.280936, 1554408395.553195, 1554408403.1716828, 1554408411.930249, 1554408418.1719894, 1554408424.4447649, 1554408430.0722413, 1554408442.0351932, 1554408452.0867476, 1554408456.7233152, 1554408461.820286, 1554408466.0429058, 1554408470.7107465, 1554408476.563586, 1554408484.8098109, 1554408493.5293639, 1554408505.6384487, 1554408509.9286082, 1554408514.1152966, 1554408522.2242255, 1554408528.9601953, 1554408533.1655474, 1554408537.5678532, 1554408545.8893244, 1554408557.003464, 1554408566.395959, 1554408576.2377949, 1554408581.957091, 1554408586.4132087, 1554408592.4829202, 1554408600.1902564, 1554408608.9066281, 1554408616.1008918, 1554408622.6201854, 1554408634.37077, 1554408638.411189, 1554408643.3332195, 1554408649.5505438, 1554408660.2161396, 1554408665.5858834, 1554408674.8726344, 1554408680.9235213, 1554408685.9150956, 1554408693.1547544, 1554408701.6313534, 1554408708.7150042, 1554408713.1660445, 1554408718.7597198, 1554408722.7693534, 1554408727.74066, 1554408735.6323583, 1554408739.514651, 1554408744.9552157, 1554408752.1567023, 1554408762.9707448, 1554408770.9974482, 1554408779.2322407, 1554408785.7737834, 1554408791.084384, 1554408798.622954, 1554408803.0659037, 1554408808.6899295, 1554408816.0726333, 1554408820.7745955, 1554408827.8147225, 1554408832.089195, 1554408837.184818, 1554408841.9482362, 1554408848.012281, 1554408856.3970873, 1554408863.257093, 1554408869.0252106, 1554408874.2979903, 1554408881.0083385, 1554408889.2897975, 1554408897.9133942, 1554408903.0173554, 1554408908.2232974, 1554408914.5510726, 1554408921.558958, 1554408931.4845965, 1554408937.3067734, 1554408942.1016605, 1554408951.083865, 1554408956.7126162, 1554408962.8324566, 1554408967.7412884, 1554408973.2999501, 1554408980.4013836, 1554408984.8512163, 1554408988.9223092, 1554408993.479546, 1554408999.1625125, 1554409006.9784613, 1554409014.1802528, 1554409019.60994, 1554409024.0576952, 1554409031.0228584, 1554409038.8941321, 1554409044.2231042, 1554409054.318944, 1554409059.2631328, 1554409066.2338023, 1554409071.8520136, 1554409078.8443124, 1554409084.4788196, 1554409090.166545, 1554409096.3284087, 1554409102.6562767, 1554409114.5424483, 1554409118.6735322, 1554409123.177361, 1554409127.744916, 1554409134.0130246, 1554409139.6521108, 1554409143.6184373, 1554409151.7750041, 1554409158.4786258, 1554409165.6671655, 1554409172.399239, 1554409177.6716273, 1554409182.9578428, 1554409187.2321584, 1554409194.6887214, 1554409200.913458, 1554409206.966126, 1554409212.2192268, 1554409217.1025167, 1554409221.2887802, 1554409225.822943, 1554409230.0574536, 1554409238.0019932, 1554409244.7257516, 1554409250.4491982, 1554409255.1337426, 1554409259.4112403, 1554409265.1022809, 1554409269.1714807, 1554409273.1950629, 1554409278.991301, 1554409285.3650322, 1554409290.1486375, 1554409296.0021498, 1554409302.1259449, 1554409308.1821356, 1554409312.27028, 1554409319.9857676, 1554409325.478009, 1554409330.0122964, 1554409337.7540784, 1554409345.041859, 1554409350.0324502, 1554409354.574649, 1554409361.161294, 1554409366.7432709, 1554409374.0464141, 1554409380.3959033, 1554409388.7939773, 1554409395.462148, 1554409402.3532212, 1554409408.7428823, 1554409417.4189978, 1554409422.7001214, 1554409429.0276935, 1554409437.766813, 1554409446.3726726, 1554409450.7791796, 1554409461.1512392, 1554409467.7482872, 1554409473.0491693, 1554409478.2983942, 1554409485.1228323, 1554409494.1695313, 1554409498.2060678, 1554409503.5724905, 1554409508.5730445, 1554409512.7995408, 1554409522.0844944, 1554409530.5951688, 1554409535.225933, 1554409546.725674, 1554409555.0836482, 1554409562.5986354, 1554409567.0906224, 1554409572.7056837, 1554409578.8573837, 1554409583.3058763, 1554409588.0556362, 1554409592.4003937, 1554409597.6083717, 1554409602.0085533, 1554409609.1826108, 1554409614.6675174, 1554409620.704018, 1554409629.7180045, 1554409634.3883226, 1554409639.6432478, 1554409645.7489262, 1554409653.2610006, 1554409657.8369875, 1554409662.56405, 1554409666.9585142, 1554409674.7216346, 1554409679.1601899, 1554409684.3978863, 1554409691.3784943, 1554409700.1640172, 1554409707.724362, 1554409714.7794197, 1554409721.651085, 1554409727.2673764, 1554409735.63849, 1554409740.9133892, 1554409745.4650104, 1554409751.3089848, 1554409757.0462704, 1554409763.5077972, 1554409773.3215072, 1554409777.962874, 1554409783.9127238, 1554409790.2825367, 1554409798.849011, 1554409807.5341556, 1554409813.2839947, 1554409817.3838127, 1554409822.510997, 1554409826.486672, 1554409831.9509356, 1554409836.125635, 1554409840.8488765, 1554409846.756182, 1554409853.9964166, 1554409860.0246964, 1554409867.616326, 1554409875.1183386, 1554409881.2865605, 1554409885.6619577], "episode_lengths": [234, 172, 269, 217, 216, 302, 171, 213, 171, 281, 290, 274, 169, 173, 371, 292, 218, 195, 329, 181, 173, 355, 305, 263, 372, 215, 275, 185, 245, 165, 184, 241, 291, 246, 190, 290, 234, 236, 265, 275, 302, 328, 237, 247, 230, 471, 392, 182, 197, 165, 175, 219, 319, 342, 463, 171, 167, 320, 258, 170, 169, 306, 417, 358, 368, 214, 171, 231, 296, 333, 275, 264, 478, 161, 198, 255, 436, 219, 363, 231, 188, 280, 320, 275, 183, 244, 177, 230, 346, 166, 232, 302, 444, 331, 332, 287, 234, 339, 199, 223, 289, 192, 271, 168, 191, 176, 227, 320, 257, 232, 211, 269, 322, 330, 210, 214, 268, 294, 412, 223, 188, 348, 227, 236, 198, 239, 279, 182, 169, 180, 210, 309, 279, 212, 176, 269, 310, 209, 393, 203, 302, 239, 276, 227, 240, 236, 233, 456, 162, 174, 171, 268, 239, 170, 351, 279, 302, 295, 203, 214, 173, 311, 254, 229, 210, 186, 164, 179, 166, 338, 288, 238, 197, 176, 241, 169, 172, 255, 280, 208, 256, 260, 261, 174, 337, 226, 179, 314, 281, 188, 177, 248, 228, 303, 257, 331, 276, 280, 266, 344, 208, 256, 346, 347, 190, 431, 270, 210, 205, 272, 355, 164, 208, 198, 165, 367, 336, 180, 452, 334, 301, 173, 214, 241, 171, 183, 168, 203, 176, 279, 221, 247, 366, 179, 208, 242, 298, 179, 184, 174, 297, 183, 210, 275, 341, 306, 284, 273, 246, 344, 197, 178, 241, 244, 260, 383, 185, 235, 242, 323, 326, 219, 162, 200, 159, 212, 160, 187, 242, 290, 246, 295, 293, 237, 163],