{"initial_reset_timestamp": 1554500380.0261211, "timestamps": [1554500385.551858, 1554500393.026987, 1554500398.7173324, 1554500403.2141936, 1554500409.0830967, 1554500414.235601, 1554500418.4811735, 1554500424.571468, 1554500429.4679003, 1554500437.0440218, 1554500446.1353507, 1554500456.9495127, 1554500468.3886795, 1554500474.2980661, 1554500479.0223782, 1554500483.562027, 1554500489.5387716, 1554500493.8975394, 1554500503.4384096, 1554500507.9252524, 1554500512.5487084, 1554500520.448162, 1554500525.0116487, 1554500530.9191556, 1554500535.29723, 1554500539.8033004, 1554500546.6808333, 1554500550.967871, 1554500557.1052086, 1554500563.2562594, 1554500571.1165347, 1554500580.4764566, 1554500586.6807709, 1554500591.1624594, 1554500598.8956578, 1554500603.385771, 1554500610.4822257, 1554500617.616291, 1554500627.3715613, 1554500637.8896604, 1554500642.997206, 1554500651.107136, 1554500661.6796165, 1554500666.6483717, 1554500672.6614127, 1554500677.2634335, 1554500681.8253872, 1554500686.4466429, 1554500693.4243884, 1554500699.0429735, 1554500705.5642798, 1554500711.2590497, 1554500715.80028, 1554500724.7256866, 1554500730.7359512, 1554500735.9747832, 1554500741.793675, 1554500746.1051023, 1554500753.9690294, 1554500759.8364787, 1554500765.4030328, 1554500775.12, 1554500779.9031875, 1554500785.7927861, 1554500789.8308346, 1554500793.779687, 1554500798.1761777, 1554500805.6658058, 1554500813.1244974, 1554500817.418368, 1554500821.9076366, 1554500830.0532198, 1554500837.7970805, 1554500842.2151704, 1554500846.4950552, 1554500851.8247008, 1554500859.241595, 1554500866.2742968, 1554500873.0680866, 1554500877.9275963, 1554500883.7317011, 1554500888.8610988, 1554500894.7704985, 1554500899.4984696, 1554500905.213442, 1554500910.8157449, 1554500915.228939, 1554500921.1649103, 1554500926.4878669, 1554500933.000167, 1554500941.5888689, 1554500945.7820964, 1554500949.6301944, 1554500954.6810296, 1554500958.670892, 1554500965.3102877, 1554500971.6998007, 1554500977.8439088, 1554500985.4024894, 1554500989.9593477, 1554500996.5605636, 1554501002.4146533, 1554501011.3564942, 1554501015.692685, 1554501020.4816368, 1554501026.987927, 1554501033.162115, 1554501038.1074414, 1554501049.467062, 1554501062.2398667, 1554501069.2020388, 1554501073.6718795, 1554501079.352299, 1554501086.8870769, 1554501091.5318556, 1554501096.386984, 1554501104.7142909, 1554501112.9927654, 1554501117.8664382, 1554501127.9996006, 1554501133.3968618, 1554501138.0556216, 1554501143.0376067, 1554501147.6048715, 1554501155.0862894, 1554501161.6404548, 1554501167.776956, 1554501172.8174572, 1554501179.9505587, 1554501184.9664302, 1554501192.745412, 1554501197.7085292, 1554501203.4677927, 1554501208.4527822, 1554501218.4122782, 1554501223.8286157, 1554501229.8329813, 1554501234.9359567, 1554501239.3513901, 1554501248.35311, 1554501259.1641154, 1554501264.594203, 1554501269.4873264, 1554501275.2148547, 1554501279.8747122, 1554501286.6363714, 1554501292.7310247, 1554501299.4487472, 1554501305.0535989, 1554501309.7203782, 1554501315.8540642, 1554501324.6179922, 1554501332.26655, 1554501337.0184186, 1554501343.828446, 1554501351.7558434, 1554501356.6800904, 1554501364.802485, 1554501371.6035767, 1554501378.6391177, 1554501384.8749828, 1554501392.923945, 1554501398.9682693, 1554501405.8598528, 1554501412.3904617, 1554501417.4762824, 1554501422.7792296, 1554501428.1395915, 1554501436.4378698, 1554501441.4402864, 1554501450.0012486, 1554501455.5878465, 1554501461.52065, 1554501469.5958662, 1554501474.393503, 1554501479.5762103, 1554501487.254302, 1554501496.1968257, 1554501502.4206924, 1554501509.8313823, 1554501518.6386235, 1554501523.460522, 1554501532.7631168, 1554501539.164439, 1554501545.3761666, 1554501550.0645356, 1554501561.5815449, 1554501570.7640393, 1554501576.0365875, 1554501587.290043, 1554501594.1450744, 1554501603.441808, 1554501609.7369878, 1554501614.9970448, 1554501622.6359296, 1554501630.5262568, 1554501635.5422888, 1554501642.3096197, 1554501651.9353065, 1554501662.7570732, 1554501671.016497, 1554501677.8551686, 1554501684.687851, 1554501693.0283458, 1554501703.1137598, 1554501712.5910301, 1554501719.3296704, 1554501727.9050696, 1554501734.8768759, 1554501749.3083766, 1554501757.552533, 1554501763.6810265, 1554501778.4107745, 1554501787.3561494, 1554501796.4647114, 1554501807.1756465, 1554501816.4768727, 1554501823.7820828, 1554501834.6736197, 1554501845.4702396, 1554501856.2030303, 1554501867.4170392, 1554501874.018845, 1554501879.6220005, 1554501886.438038, 1554501895.4175894, 1554501904.9292405, 1554501912.7055793, 1554501920.1062303, 1554501929.5480053, 1554501943.8084447, 1554501953.9307208, 1554501962.0993555, 1554501975.0604577, 1554501981.867313, 1554501991.9791644, 1554502005.0070357, 1554502011.766014, 1554502018.8564687, 1554502028.315343, 1554502038.516654, 1554502054.7609756, 1554502065.103276, 1554502076.6811557, 1554502083.3289964, 1554502089.0555394, 1554502100.9657805, 1554502110.9525335, 1554502120.5758274, 1554502126.871351, 1554502142.3466582, 1554502152.5097883, 1554502161.689793, 1554502168.0158403, 1554502176.744604, 1554502186.9326675, 1554502195.2498322, 1554502205.0583634, 1554502211.4661386, 1554502221.422414, 1554502229.1527202, 1554502240.603724, 1554502251.677282, 1554502262.7787788, 1554502274.018792, 1554502281.5489893], "episode_lengths": [180, 286, 222, 180, 238, 204, 168, 242, 197, 296, 362, 417, 437, 228, 179, 175, 229, 170, 371, 173, 179, 308, 170, 234, 171, 178, 274, 172, 239, 239, 299, 366, 242, 173, 300, 177, 271, 281, 375, 417, 200, 314, 412, 191, 239, 180, 174, 178, 266, 217, 232, 218, 179, 343, 233, 206, 233, 174, 302, 228, 212, 385, 192, 240, 172, 164, 172, 294, 294, 171, 180, 326, 295, 176, 171, 229, 312, 297, 280, 206, 245, 214, 249, 200, 246, 238, 184, 244, 219, 274, 357, 176, 158, 207, 168, 278, 264, 236, 292, 178, 239, 225, 344, 169, 187, 255, 244, 189, 459, 485, 266, 173, 221, 295, 180, 190, 337, 335, 197, 404, 204, 187, 198, 187, 298, 262, 236, 196, 276, 198, 299, 187, 225, 196, 391, 207, 241, 194, 170, 356, 439, 203, 190, 223, 185, 272, 243, 258, 216, 179, 229, 347, 299, 188, 269, 320, 194, 334, 277, 287, 254, 335, 252, 284, 267, 198, 209, 208, 327, 202, 350, 223, 245, 327, 197, 212, 297, 361, 251, 300, 362, 202, 375, 268, 252, 190, 450, 364, 212, 450, 270, 367, 251, 209, 293, 309, 195, 261, 376, 420, 303, 260, 272, 327, 396, 376, 272, 328, 272, 582, 322, 242, 596, 343, 350, 428, 378, 296, 427, 424, 422, 441, 259, 217, 273, 354, 372, 308, 284, 356, 550, 391, 309, 503, 264, 400, 506, 270, 284, 371, 399, 632, 401, 448, 264, 229, 479, 392, 381, 243, 579, 389, 363, 258, 360, 415, 344, 391, 243, 381, 297, 447, 429, 444, 446, 291],