{"initial_reset_timestamp": 1554189443.7627969, "timestamps": [1554189449.113412, 1554189455.3501916, 1554189459.8006053, 1554189464.2048569, 1554189468.7836995, 1554189474.6967976, 1554189479.0537345, 1554189485.2682016, 1554189490.4425797, 1554189494.4982536, 1554189499.2350855, 1554189504.3506997, 1554189513.275319, 1554189517.2652683, 1554189522.3880336, 1554189528.5380352, 1554189536.4232838, 1554189546.127921, 1554189550.6667202, 1554189558.7937093, 1554189564.4072306, 1554189571.5384603, 1554189576.0584111, 1554189581.2347429, 1554189588.4423769, 1554189592.7364557, 1554189600.719086, 1554189606.5294483, 1554189613.2588441, 1554189617.9086463, 1554189622.271318, 1554189626.9311473, 1554189634.7906063, 1554189642.3593984, 1554189652.3675656, 1554189660.1567051, 1554189668.2150953, 1554189674.3580484, 1554189681.083749, 1554189688.2044098, 1554189692.5775764, 1554189697.8091736, 1554189703.9743822, 1554189708.8953612, 1554189715.5265262, 1554189720.068406, 1554189729.8298526, 1554189735.6608305, 1554189744.0970325, 1554189756.2503467, 1554189760.962499, 1554189765.6067245, 1554189776.6518805, 1554189782.1734807, 1554189789.641593, 1554189797.8655286, 1554189803.9876537, 1554189808.3892734, 1554189815.4860485, 1554189821.176727, 1554189827.6099284, 1554189831.7234979, 1554189837.3670933, 1554189842.0199342, 1554189846.4464033, 1554189850.5307767, 1554189856.4953856, 1554189864.3284464, 1554189872.7497628, 1554189876.9729142, 1554189882.4342127, 1554189891.669455, 1554189896.9722023, 1554189902.8148303, 1554189908.7498248, 1554189913.1565254, 1554189917.6784203, 1554189924.4485261, 1554189930.2596548, 1554189942.2804246, 1554189948.7554173, 1554189953.0092635, 1554189957.199094, 1554189965.12194, 1554189971.8707566, 1554189977.828925, 1554189982.443956, 1554189988.3354185, 1554189995.6181743, 1554190001.700875, 1554190006.6770148, 1554190013.150569, 1554190021.0524728, 1554190030.8306453, 1554190039.8735628, 1554190047.0583646, 1554190051.1301072, 1554190055.3029513, 1554190061.8555267, 1554190070.041342, 1554190076.3184876, 1554190080.2629218, 1554190088.4389522, 1554190098.4248216, 1554190103.554233, 1554190110.5990453, 1554190114.7693706, 1554190119.8772154, 1554190131.10321, 1554190135.7449768, 1554190141.5007527, 1554190148.1543124, 1554190152.7565308, 1554190159.8036628, 1554190167.3151073, 1554190171.2548988, 1554190175.4057717, 1554190180.8050117, 1554190184.8810225, 1554190190.37413, 1554190198.9063568, 1554190203.1113284, 1554190208.476395, 1554190215.8534114, 1554190220.656218, 1554190226.1694646, 1554190230.7822497, 1554190237.240285, 1554190241.6016376, 1554190245.7727246, 1554190252.525782, 1554190257.0811858, 1554190264.3680584, 1554190271.558792, 1554190275.8254502, 1554190279.8488004, 1554190287.5642269, 1554190293.1259418, 1554190299.6300619, 1554190306.1662397, 1554190311.203823, 1554190318.933015, 1554190322.9871, 1554190328.6892662, 1554190333.1320157, 1554190338.4715428, 1554190345.1609044, 1554190351.9541361, 1554190360.1387713, 1554190365.292274, 1554190373.851233, 1554190381.9128625, 1554190385.9694004, 1554190390.2341955, 1554190397.170951, 1554190403.289059, 1554190407.48283, 1554190414.3257263, 1554190418.2649128, 1554190423.5912702, 1554190428.0777144, 1554190432.2850406, 1554190438.594715, 1554190445.781179, 1554190452.5100987, 1554190460.2790878, 1554190464.5927331, 1554190468.7160888, 1554190476.680107, 1554190481.3622224, 1554190490.0866408, 1554190499.2239115, 1554190507.269419, 1554190511.3896883, 1554190516.594696, 1554190522.3180125, 1554190529.1392, 1554190533.6479042, 1554190539.9526002, 1554190546.468206, 1554190553.9990733, 1554190561.5678616, 1554190567.570299, 1554190572.4333136, 1554190580.2497346, 1554190590.2910697, 1554190597.9243057, 1554190604.979587, 1554190609.4531057, 1554190614.6525369, 1554190619.087407, 1554190624.6874797, 1554190631.9566846, 1554190636.3769326, 1554190640.9189756, 1554190646.0414207, 1554190650.1218486, 1554190654.227715, 1554190664.2388375, 1554190669.6598318, 1554190676.5224996, 1554190683.4951532, 1554190693.4538019, 1554190700.7088735, 1554190707.930531, 1554190712.5786495, 1554190718.2387683, 1554190723.9535124, 1554190732.0805397, 1554190738.7836776, 1554190745.2035697, 1554190749.7643933, 1554190759.9381046, 1554190768.6410837, 1554190773.2004983, 1554190781.1096156, 1554190789.0392008, 1554190797.9439342, 1554190804.8147306, 1554190812.2696853, 1554190819.9727783, 1554190827.4703403, 1554190831.6247983, 1554190836.2695096, 1554190840.5040493, 1554190845.7820446, 1554190851.630901, 1554190856.3461084, 1554190862.8284209, 1554190867.1694303, 1554190873.5945888, 1554190881.8964977, 1554190888.5957873, 1554190902.673869, 1554190909.879761, 1554190920.8501067, 1554190925.788578, 1554190933.2376242, 1554190938.267346, 1554190946.2176573, 1554190956.6621437, 1554190964.5757906, 1554190974.2682877, 1554190978.9692826, 1554190989.3094077, 1554190997.5852723, 1554191004.4187167, 1554191008.1917458, 1554191013.847759, 1554191019.728994, 1554191026.6140785, 1554191032.3403363, 1554191040.3035738, 1554191045.5988483, 1554191051.3685048, 1554191057.4677587, 1554191064.7851222, 1554191069.2682426, 1554191076.646005, 1554191081.84602, 1554191087.3994067, 1554191092.2111108, 1554191096.669606, 1554191104.203386, 1554191112.0289845, 1554191118.1303842, 1554191122.8070068, 1554191127.610562, 1554191136.1467168, 1554191145.4951854, 1554191150.0520923, 1554191155.1854353, 1554191159.565159, 1554191166.2096546, 1554191173.266835, 1554191179.6619549, 1554191186.9863322, 1554191196.2398026, 1554191203.3146532, 1554191208.1466398, 1554191214.1777518, 1554191219.66917, 1554191227.8408287, 1554191234.8121824, 1554191245.3688655, 1554191251.8505683, 1554191261.2488835, 1554191267.98942, 1554191274.3801777, 1554191282.3913639, 1554191286.5975678, 1554191291.6177971, 1554191302.3137002, 1554191309.6833355, 1554191319.1876934, 1554191323.8192642, 1554191329.7390904, 1554191337.4336102, 1554191344.7010233, 1554191350.4359188, 1554191360.993038, 1554191366.3841813, 1554191373.6554258, 1554191382.6721451, 1554191389.7659647, 1554191398.5802782, 1554191414.5291762, 1554191422.4371488, 1554191431.6222787, 1554191437.2530484, 1554191442.9539845, 1554191450.7160625, 1554191459.2112005, 1554191464.3749201, 1554191471.136633, 1554191482.267562, 1554191490.6283412, 1554191498.5534844, 1554191504.7466245, 1554191513.595253, 1554191520.324523, 1554191527.8278656, 1554191536.1569843, 1554191543.9252813, 1554191551.8845398, 1554191558.7581196, 1554191563.7453625, 1554191569.950973, 1554191578.7929263, 1554191592.28414, 1554191602.3630373, 1554191607.3584783, 1554191613.2292295, 1554191623.8073235, 1554191628.4927402, 1554191634.5828316, 1554191640.8748941, 1554191647.1889944, 1554191660.5669758, 1554191667.1137416, 1554191674.5635033, 1554191684.1188736, 1554191694.2377036, 1554191702.5656598, 1554191712.826432, 1554191719.0270073, 1554191726.934221, 1554191736.466913, 1554191744.8930202, 1554191751.1734977, 1554191758.6703525, 1554191765.313486, 1554191778.4375417, 1554191789.3350255, 1554191794.8542025, 1554191800.5856242, 1554191806.1262028, 1554191813.0447066, 1554191823.020068, 1554191829.134894, 1554191838.6607773, 1554191848.534391, 1554191859.084061, 1554191866.6976273, 1554191871.3146806, 1554191877.040673, 1554191885.1622417, 1554191896.9708934, 1554191902.2299528, 1554191907.4009113, 1554191914.3297873, 1554191923.4289613, 1554191928.8212855, 1554191941.8988686, 1554191947.592796, 1554191961.0711138],